number,sender,receiver,city,date
1,Glare,an Zwingli,Köln,13 VII 1510
2,Joachim Vadi,an Zwingli,Wien,9 IV 1511
3,Glare,an Zwingli,Köln,18 IV 1511
4,Glare,an Zwingli,Köln,Herbst 1511
5,Joh,n Heinrich Wentz an Zwingli,Basel,nach Mitte Dezember 1511
6,Glare,an Zwingli,Köln,1511ff.?
7,Zwingli,Glarean,Glarus,4 X 1512
8,Jakob Zwingli,Zwingli,Wien,23 I 1513
9,Zwingli,Joachim Vadian,Glarus,23 II 1513
9a,Joachim Vadi,an Zwingli,Wien,7 V 1513
10,Valentin Tschudi,Zwingli,Basel,31 VII 1514
11,Joh,nes Dingnauer an Zwingli,Basel,6 XII 1514
12,Petrus Falck,Zwingli,Zürich,23 I 1515
13,Zwingli,Erasmus,Glarus,29 IV 1516
14,Erasmus,Zwingli,Basel,V 1516
15,Nesenus,Zwingli,Basel,8 V 1516
16,Petrus Falck,Zwingli,Freiburg,21 VIII 1516
17,Glare,an Zwingli,Basel,19 X 1516
18,Petrus Tschudi,Zwingli,Basel,23 X 1516
19,Glare,an Zwingli,Basel,25 X 1516
20,Petrus Tschudi,Zwingli,Basel,8 XI 1516
21,Glare,an Zwingli,Basel,13 XII 1516
22,Aegidius Tschudi,Zwingli,Basel,vor Ostern 1517
23,Zwingli,Joachim Vadian,Einsiedeln,13 VI 1517
24,Valentin Tschudi,Zwingli,Paris,12 VII 1517
25,Sigismund Rötlin,Zwingli,Lindau,25 VII 1517
26,Glare,an Zwingli,Paris,29 VIII 1517
27,Joh,n Leupold Konrad Grebel an Zwingli,Wien,8
28,Jakob Salzm,n (Salandronius) an Zwingli,Chur?,16 IX 1517
29,Zwingli,Schultheiss und Rat zu Winterthur,Zürich,30 X 1517
30,Schultheiss und Rat zu Winterthur,Zwingli,Winterthur,30 X 1517
31,Conradus Fonteius,Zwingli,Basel,26 I 1518
32,Wilhelm Nesen,Zwingli,Paris,29 I 1518
33,Bombasius,Zwingli,Zürich?,2 III 1518
34,Valentin Tschudi,Zwingli,Basel,26 IV 1518
35,Wilhelm Nesen,Zwingli,Paris,27 IV 1518
36,Wilhelm Nesen,Zwingli,Paris,5 V 1518
37,Erasmus Fabritius,Zwingli,Stein am Rhein,12 VI 1518
38,Valentin Tschudi,Zwingli,Paris,21 VI 1518
39,Konrad Grebel,Zwingli,Zürich,31 VII 1518
40,Jakob Salzm,n (Salandronius) an Zwingli,Chur,31 VIII 1518
41,Antonio Pucci,Zwingli,Zürich,1 IX 1518
42,Joh,n Jacob Zurgilgen an Zwingli,Paris,22 X 1518
43,Petrus Tschudi,Zwingli,Paris,25 X ? 1518
44,Myconius,Zwingli,Zürich,29 X 1518
45,Zwingli,Myconius,Einsiedeln,29f. X 1518
46,Zwingli,Myconius,Einsiedeln,2 XII 1518
47,Myconius,Zwingli,Zürich,3 XII 1518
48,Zwingli,Heinrich Utinger,Einsiedeln,5 XII 1518
49,Beatus Rhen,us an Zwingli,Basel,6 XII 1518
50,Michael S,derus an Zwingli,Zürich,7 XII 1518
51,Zwingli,Leo Jud,Einsiedeln,17 XII 1518
52,L,dammann und Rat zu Schwyz an Zwingli,Schwyz,18 XII 1518
53,Beatus Rhen,us an Zwingli,Basel,26 XII 1518
54,Valentin Tschudi,Zwingli,Paris,10 I 1519
55,Glare,an Zwingli,Paris,13 I 1519
56,Glare,an Zwingli,Paris,I
57,Wilhelm Nesen,Zwingli,Paris,30 I 1519
58,Joh,n Jacob Zurgilgen an Zwingli,Paris,1 II 1519
59,Beatus Rhen,us an Zwingli,Basel,13 II 1519
60,Zwingli,Beatus Rhenanus,Zürich,22 II 1519
61,Joh,nes Lichtenburger an Zwingli,Basel,26 II 1519
62,Urb,us Rhegius an Zwingli,Konstanz,2 III 1519
63,Beatus Rhen,us an Zwingli,Basel,8 III 1519
64,Zwingli,Beatus Rhenanus,Zürich,9 III 1519
65,Beatus Rhen,us an Zwingli,Basel,13 III 1519
66,Beatus Rhen,us an Zwingli,Basel,19 III 1519
67,Zwingli,Beatus Rehananus,Zürich,21 III 1519
68,Zwingli,Christophorus Crassus,Zürich,23 III 1519
69,Glare,an Zwingli,Paris,25 III 1519
70,Zwingli,Beatus Rhenanus,Zürich,25 III 1519
71,Beatus Rhen,us an Zwingli,Basel,4 IV 1519
72,Petrus Tschudi,Zwingli,Paris,9 IV 1519
73,Zwingli,Beatus Rhenanus,Zürich,24 IV 1519
74,Zwingli,Beatus Rhenanus,Zürich,2 V 1519
75,Beatus Rhen,us an Zwingli,Basel,7 V 1519
76,Glare,an Zwingli,Paris,15 V 1519
77,Zwingli,Beatus Rhenanus,Zürich,21 V 1519
78,Beatus Rhen,us an Zwingli,Basel,21 V 1519
79,Beatus Rhen,us an Zwingli,Basel,24 V 1519
80,Joh,nes Froben an Zwingli,Basel,ca. 24 V 1519
81,Glare,an Zwingli,Paris,7 VI 1519
82,Zwingli,Beatus Rhenanus,Zürich,7 VI 1519
83,Joh,nes Fabri an Zwingli,Konstanz,7 VI 1519
84,Valentin Tschudi,Zwingli,Paris,9 VI 1519
85,Petrus Tschudi,Zwingli,Paris,16 VI 1519
86,Zwingli,Beatus Rhenanus,Zürich,25 VI 1519
87,Zwingli,Beatus Rhenanus,Zürich,2 VII 1519
88,Beatus Rhen,us an Zwingli,Basel,2 VII 1519
89,Simon Stumpf,Zwingli,Basel,2 VII 1519
90,Zwingli,Conradus Fonteius,Zürich,2 VII 1519
91,Joh,n Jakob Ammann an Zwingli,Basel,17 VII 1519
92,Jakob Heer,Zwingli,Glarus,XIII 1519
93,Jost Schmid,Zwingli,Uri/Altdorf,12 VIII 1519
94,Jacobus Nepos,Zwingli,Basel,22 IX 1519
95,Conradus Fonteius,Zwingli,Basel,22 IX 1519
96,Conradus Fonteius,Zwingli,Basel,anfangs X 1519
97,Andreas Zwingli,Zwingli,Wildhaus,13 X 1519
98,Kaspar Hedio,Zwingli,Basel,6 XI 1519
99,Hieronymus Artolbius,Zwingli,Basel,11 XI 1519
100,Ulrich Zasius,Zwingli,Freibug im Breisgau,13 XI 1519
101,Andreas Zwingli,Zwingli,Glarus,um Mitte XI 1519
102,Kaspar Hedio,Zwingli,Basel,21 XI 1519
103,Wilibald Pirkheimer,Zwingli,Nürnberg,23 XI 1519
104,Zwingli,Oswald Myconius,Zürich,26 XI 1519
105,Zwingli,Oswald Myconius,Zürich,30 XI 1519
106,H,s Brunner an Zwingli,Brugg,6 XII 1519
107,Kaspar Hedio,Zwingli,Basel,10 XII 1519
108,Joh,nes Fabri an Zwingli,Konstanz,17 XII 1519
109,Oswald Myconius,Zwingli,Luzern,28 XII 1519
110,Zwingli,Oswald Myconius,Zürich,31 XII 1519
111,Wilhelm Nesen,Zwingli,Löwen,Ende 1519
112,Valentin Tschudi,Zwingli,Paris,2 I 1520
113,Zwingli,Oswald Myconius,Zürich,4 I 1520
114,Beatus Rhen,us an Zwingli,Schlettstadt,10 I 1520
115,(Guilelmus a Falconibus),Zwingli,Glarus,12 I 1520
116,Christi,Abt zu St. Johann an Zwingli,St. Johann,14 I 1520
117,Gregor Bünzli,Zwingli,Weesen,3 II 1520
118,Hieronymus Frobenius,Zwingli,Basel,7 II 1520
120,Oswald Myconius,Zwingli,Luzern,16 II 1520
121,Zwingli,Oswald Myconius,Zürich,16 II 1520
122,Oswald Myconius,Zwingli,Luzern,27 II 1520
123,Philippus Engentinus,Zwingli,Freiburg im Breisgau,5 III 1520
124,Kaspar Hedio,Zwingli,Basel,17 III 1520
125,Oswald Myconius,Zwingli,Luzern,17 III 120
126,Oswald Myconius,Zwingli,Luzern,25 III 1520
127,Felix Myconius,Zwingli,Luzern,III 1520
128,Zwingli,Oswald Myconius,Zürich,27 III 1520
129,Zwingli,Oswald Myconius,Zürich,2 IV 1520
130,Nicolaus Hagaeus,Zwingli,Luzern,2 IV 1520
131,Hieronymus Froben,Zwingli,Basel,im IV 1520
132,Wolfg,g Capito an Zwingli,Basel,14 IV 1520
133,Iacobus Nepos,Zwingli,Basel,17 IV 1520
134,Joh,n Jakob Ammann an Zwingli,Mailand,19 IV 1520
135,Kaspar Hedio,Zwingli,Basel,29 IV 1520
136,Zwingli,Joachim Vadian,Zürich,4 V 1520
137,Iacobus Nepos,Zwingli,Basel,5 V 1520
138,Joh,nes Glother an Zwingli,Basel,11 V 1520
140,Kaspar Hedio,Zwingli,Basel,18 V 1520
141,Oswald Myconius,Zwingli,Luzern,26 V 1520
142,Kaspar Hedio,Zwingli,Basel,10 VI 1520
143,Oswald Myconius,Zwingli,Luzern,10 VI 1520
144,Zwingli,Beatus Rhenanus,Zürich,17 VI 1520
145,Zwingli,Joachim Vadian,Zürich,19 VI 1520
146,Zwingli,Oswald Myconius,Zürich,6 VII 1520
147,Glare,an Zwingli,Paris,7 VII 1520
148,Iacobus Nepos,Zwingli,Basel,22 VII 1520
149,Joh,n Jakob Ammann an Zwingli,Mailand,23 VII 1520
150,Rudolphus Cliv,us an Zwingli,Mailand,23 VII 1520?
151,Zwingli,Oswald Myconius,Zürich,24 VII 1520
152,Oswald Myconius,Zwingli,Luzern,21 VIII 1520
153,Joh,n Jakob Ammann an Zwingli,Mailand,11 IX 1520
154,Sebasti,Hofmeister an Zwingli,Schaffhausen,17 IX 1520
155,Zwingli,Oswald Myconius,Zürich,6 X 1520
156,Zwingli,Beatus Rhenanus,Zürich,12 X 1520
157,Kaspar Hedio,Zwingli,Mainz,15 X 1520
158,Joh,nes Fabri an Zwingli,Konstanz,18 X 1520
160,Glare,an Zwingli,Paris,1 XI 1520
161,Oswald Myconius,Zwingli,Luzern,2 XI 1520
162,Oswald Myconius,Zwingli,Luzern,8 XI 1520
163,Valentin Tschudi,Zwingli,Paris,15 XI
164,Zwingli,Oswald Myconius,Zürich,25 XI 1520
165,Oswald Myconius,Zwingli,Luzern,13 XII 1520
166,Kaspar Hedio,Zwingli,Mainz,21
167,Joh,n Alexander Brassicanus an Zwingli,Konstanz,7 I 1521
168,Oswald Myconius,Zwingli,Luzern,8 I 1521
169,Schultheiss und Rat zu Baden,Zwingli,Baden,14 I 1521
170,Fr,ciscus Cervinus an Zwingli,Glarus,23 I 1521
171,Joh,n Alexander Brassicanus an Zwingli,Konstanz,31 I 1521
172,Erasmus Fabritius,Zwingli,Stein am Rhein,4 III 1521
173,Zwingli,Beatus Rhenanus,Zürich,8 III 1521
174,Burkhardt Wirz,Zwingli,Basel,12 III 1521
175,Jacobus Nepos,Zwingli,Basel,ca. 12 III
176,Zwingli,Beatus Rhenanus,Zürich,5 IV 1521
177,Burkhardt Wirz,Zwingli,Basel,8 IV 1521
178,Balthasar Trachsel,Zwingli,Art,20 IV 1521
179,Gerold Meyer von Knonau,Zwingli,Basel,April 1521
180,Martin Bucer,Zwingli,Worms,23 V 1521
181,Zwingli,Oswald Myconius,Zürich,25 V 1521
182,Beatus Rhen,us an Zwingli,Basel,30 V 1521
183,Glare,an Zwingli,Paris,4 VII 1521
184,Oswald Myconius,Zwingli,Luzern,11 VII 1521
185,Wolfg,g Capito an Zwingli,Halle,4 VIII 1521
186,Fr,z Zink an Zwingli,Einsiedeln,20 VIII 1521
187,Zwingli,Oswald Myconius,Zürich,31 VIII 1521
188,Zwingli,Beatus Rhenanus,Zürich,8 IX 1521
189,Glare,an Zwingli,Paris,20 IX 1521
190,Joh,n Jakob Ammann an Zwingli,Basel,ca. IX? 1521
191,Petrus Wickgram,Zwingli,Strassburg,10 IX 1521
192,Marcus Bersius,Zwingli,Basel,12 XII 1521
193,Glare,an Zwingli,Paris,21 XII 1521
194,Zwingli,Berchtold Haller,Zürich,29 XII 1521
195,Oswald Myconius,Zwingli,Luzern,5 I 1522
196,Berchtold Haller,Zwingli,Bern,28 I 1522
197,Petrus Tschudi,Zwingli,Glarus,28 II 1522
198,Glare,an Zwingli,Basel,4 III 1522
200,Oswald Myconius,Zwingli,Luzern,III 1522
201,Oswald Myconius,Zwingli,Luzern,Ende III 1522
202,Joachim vom Grüt,Zwingli,Konstanz,6 IV 1522
203,Adam Weiss,Zwingli,Crailsheim,12 IV 1522
204,Herm,n Buschius an Zwingli,Basel,ca. 20 IV 1522
205,Michael Hummelberg,Zwingli,Ravensburg,1 V 1522
206,Glare,an Zwingli,Basel,V 1522
207,Zwingli,Oswald Myconius,Zürich,V 1522
208,Zwingli,Leo Jud,Zürich,22 V 1522
209,Joh,nes Wanner an Zwingli,Konstanz,22 V 1522
210,Michael Hummelberg,Zwingli,Konstanz,27 V 1522
211,Joh,nes Xylotectus an Zwingli,Luzern,30 VI 1522
212,Bartholomäus Stocker,Zwingli,Zug,5 VII 1522
213,Joh,nes Xylotectus an Zwingli,Luzern,7 VII 1522
214,Berchtold Haller,Zwingli,Bern,8 VII 1522
215,Wilhelm Nesen,Zwingli,Frankfurt,10 VII 1522
216,Urb,us Rhegius an Zwingli,Lindau,16 VII 1522
217,Zwingli,Oswald Myconius,Zürich,19 VII 1522
218,Werner Steiner,Zwingli,Zug,20 VII 1522
219,Oswald Myconius,Zwingli,Luzern,21 VII 1522
220,Oswald Myconius,Zwingli,Luzern,28 VII 1522
221,Glare,an Zwingli,Basel,29 VII 1522
222,Zwingli,Beatus Rhenanus,Zürich,30 VII 1522
223,Michael Wüst,Zwingli,Bremgarten,1 VIII 1522
224,Oswald Myconius,Zwingli,Luzern,4 VIII 1522
225,Jodocus Kilchmeyer,Zwingli,Luzern,13 VIII 1522
226,Jodocus Müller,Zwingli,Cham,16 VIII 1522
227,Oswald Myconius,Zwingli,Luzern,19 VIII 1522
228,Oswald Myconius,Zwingli,Luzern,21 VIII 1522
229,Zwingli,Oswald Myconius,Zürich,23 VIII 1522
230,Zwingli,Oswald Myconius,Zürich,26 VIII 1522
231,Zwingli,Oswald Myconius,Zürich,26 VIII 1522
232,Michael Hummelberg,Zwingli,Konstanz,26 VIII 1522
233,Jakob Salzm,n (Salandronius) an Zwingli,Chur,26 VIII 1522
234,Michael Hummelberg,Zwingli,Ravensburg,4 IX 1522
235,Erasmus,Zwingli,Basel,5
236,Erasmus,Zwingli,Basel,8 IX 1522
237,Oswald Myconius,Zwingli,Luzern,23 IX 1522
238,H,s Kotther an Zwingli,Freiburg,22 IX 1522
239,Melchior Macrinus,Zwingli,Solothurn,30 IX 1522
240,Glare,an Zwingli,Basel,7 X 1522
241,Melchior Macrinus,Zwingli,Solothurn,15 X 1522
242,Joh,nes Xylotectus an Zwingli,Luzern,16 X 1522
243,Balthasar Stapfer,Zwingli,Schwyz,19 X 1522
244,Zwingli,Balthasar Stapfer,Zürich,nach 19 X 1522
245,Joh,n Jacob Russinger an Zwingli,Pfävers,28 X 1522
247,Theobald von Geroldseck,Zwingli,Einsiedeln,6 XI 1522
248,Sebasti,Meyer an Zwingli,Bern,11 XI 1522
249,Oswald Myconius,Zwingli,Luzern,15 XI 1522
250,Jodocus Kilchmeyer,Zwingli,Luzern,16 XI 1522
251,Joh,nes Zwick an Zwingli,Riedlingen,27 XI 1522
252,Glare,an Zwingli,Basel,28 XI 1522
253,Heinrich von Eppendorf,Zwingli,Basel,Anfang XII 1522
254,Jodocus Kilchmeyer,Zwingli,Luzern,4 XII 1522
255,Zwingli,Joachim Vadian,Zürich,8 XII 1522
256,Erasmus,Zwingli,Basel,9 XII 1522
257,Joh,n Jacob Russinger an Zwingli,Pfävers,9 XII 1522
258,Joh,nes Oecolampad an Zwingli,Basel,10 XII 1522
259,Joh,nes Xylotectus an Zwingli,Luzern,11 XII 1522
260,Oswald Myconius,Zwingli,Luzern,ca. Mitte XII 1522
261,Oswald Myconius,Zwingli,Luzern,19 XII 1522
262,Zwingli,Johannes Zwick,Zürich,20 XI 1522
263,Zwingli,Oswald Myconius,Zürich,22 XI 1522
264,Glare,an Zwingli,Basel,30 XII 1522
265,Zwingli,(Gregor) (Bünzli),Zürich,30 XII 1522
266,Valentin Curio,Zwingli,Basel,XII 1522
267,Felix Myconius,Zwingli,Einsiedeln?,I 1523
268,Zwingli,Johannes Oecolampad,Zürich,14 I 1523
269,Joh,nes Oecolampad an Zwingli,Basel,17 I 1523
270,Glare,an Zwingli,Basel,20 I 1523
271,Joh,nes Oecolampad an Zwingli,Basel,21 I 1523
272,Hadri,VI. an Zwingli,Rom,23 I 1523
273,Melchior Macrinus,Zwingli,Solothurn,25 I 1523
274,Glare,an Zwingli,Basel,26 I 1523
275,Zwingli,Albrecht von Landenberg,Zürich,2 II 1523
276,Glare,an Zwingli,Basel,4 II 1523
277,Kaspar Hedio,Zwingli,Mainz,10 II 1523
278,Otto Brunfels,Zwingli,Neuenburg im Breisgau,13 II 1523
279,Glare,an Zwingli,Basel,14 II 1523
280,Joh,nes Oecolampad an Zwingli,Basel,16 II 1523
281,Zwingli,Werner Steiner,Zürich,19 II 1523
282,Joh,n Alexander Brassicanus an Zwingli,Konstanz,20 II 1523
283,Zwingli,Urban Wyss,Zürich,24 II 1523
284,Zwingli,Johannes Xylotectus und Jodocus Kilchmeyer,Zürich,1 III 1523
285,Joh,nes Xylotectus an Zwingli,Luzern,nach 1 III 1523
286,Joh,nes Oecolampad an Zwingli,Basel,3 III 1523
287,Valentinus de Saxonia,Zwingli,Ittingen,6 III 1523
288,Melchior Macrinus,Zwingli,Solothurn,6 III 1523
289,Margaretha von Wattenwyl,Zwingli,Königsfelden,14 III 1523
290,Zwingli,Matthaeus Alber,Zürich,19 III 1523
291,Joh,n Jacob Russinger an Zwingli,Pfävers,24 III 1523
292,Kaspar Hedio,Zwingli,Mainz,4 IV 1523
293,Berchtold Haller,Zwingli,Bern,8 IV 1523
294,Joh,nes Sapidus an Zwingli,Schlettstadt,10 IV 1523
295,Sebasti,Hofmeister an Zwingli,Schaffhausen,11 IV 1523
296,Zwingli,Werner Steiner,Zürich,14 IV 1523
297,Adam Weiss,Zwingli,Crailsheim,14 IV 1523
298,Zwingli,Johannes Oecolampad,Zürich,19 IV 1523
299,Nicolaus Gerbel,Zwingli,Strassburg,21 IV 1523
300,Zwingli,Margareta Fehr,Zürich,22 IV 1523
301,Joh,nes Oecolampad an Zwingli,Basel,27 IV 1523
302,Berchtold Haller,Zwingli,Bern,9 V 1523
303,Zwingli,"Winterthur, Schultheiss und Rat",Zürich,1 VI 1523
304,Martin Bucer,Zwingli,Strassburg,9 VI 1523
305,Zwingli,Thomas Wyttenbach,Zürich,15. VI 1523
306,(Joh,nes) (Oecolampad) an Zwingli,Basel,16 VI 1523
307,Joh,nes Oecolampad an Zwingli,Basel,8 VII 1523
308,Ulrich von Hutten,Zwingli,s. l.,Nach Mitte VII 1523
309,Ludwig Tschudi,Zwingli,Glarus,16 VII 1523
310,Ambrosius Blarer,Zwingli,Konstanz,27 VII 1523
311,Zwingli,Nikolaus von Wattenwyl,Zürich,31 VII 1523
312,Zwingli,Nikolaus von Wattenwyl,Zürich,2 VIII 1523
313,Zwingli,"Konstanz, Burgermeister und Rat",Zürich,5 VIII 1523
314,Oswald Myconius,Zwingli,Einsiedeln,Sommer 1523
315,Erasmus,Zwingli,Basel,31 VIII 1523
316,Erasmus,Zwingli,Basel,Anfang September 1523
317,Laurentius Maer,Zwingli,Baden,9 IX 1523
318,Zwingli,Ambrosius Blarer,Zürich,9 X 1523
319,Zwingli,Johannes Oecolampad,Zürich,11 X 1523
320,Zwingli,Bonifatius Wolfhart,Zürich,11 X 1523
321,Zwingli,Joachim Vadian,Zürich,11 XI 1523
322,Simon Stumpf,Zwingli,Weiningen?,19 XI 1523?
323,Zwingli,Nikolaus von Wattenwyl,Zürich,22 XI 1523
324,Zwingli,Berchtold Haller und an die Prediger von Bern,Zürich,4 XII 1523
325,Zwingli,Petrus Sebivilla,Zürich,13 XII 1523
326,Zwingli,Wendelin Oswald,Zürich,23 II 1524
327,Zwingli,Joachim Vadian,Zürich,24 II 1524
328,Barbara Trüllerey,Zwingli,Schännis,24 II 1524
329,Joh,nes Oecolampad Bonifatius Wolfhart an Zwingli,Basel,c 25 II 1524
330,Jodocus Hesch,Zwingli,Ittingen,29 II 1524
331,Zwingli,Joachim Vadian,Zürich,28 III 1524
332,Zwingli,"Konrad Hofmann an Grossmünster, Propst und Kapitel",Zürich,11 IV 1524
333,Martin Bucer,Zwingli,Strassburg,19 IV 1524
335,Simon Stumpf,Zwingli an Nikolaus Peier,Basel,Frühjahr? 1524
336,Zwingli,Nikolaus von Wattenwyl,Zürich,7 V 1524
337,Zwingli,Joachim Vadian,Zürich,16 V 1524
338,Jakob Wimpfeling,Martin Luther und an Zwingli,Schlettstadt,23 V 1524
339,Zwingli,Martin Bucer,Zürich,3 VI 1524
340,Zwingli,Johannes Frosch,Zürich,16 VI 1524
341,Zwingli,Joachim Vadian,Zürich,4 VII 1524
342,Zwingli,Toggenburg,Zürich,18 VII 1524
343,Zwingli,Nikolaus Kniebs,Zürich,6 VIII 1524
344,Zwingli,Johann Eck,Zürich,Ende VIII 1524
345,Konrad Schindler,Zwingli,Mollis,Ende IX 1524?
346,Antonius Papilio,Zwingli,Lyon,7 X 1524
347,Zwingli,Johannes Oecolampad,Zürich,9 X 1524
348,Zwingli,Fridolin Lindauer,Zürich,20 X 1524
349,Zwingli,Wilibald Parkheimer,Zürich,24 X 1524
350,Martin Bucer,Zwingli,Strassburg,31 X 1524
351,Wolfg,g Capito und Martin Bucer an die Zürcher,Strassburg,Mitte XI 1524
352,Joh,nes Oecolampad an Zwingli,Basel,21 XI 1524
353,Balthasar Hubmaier,Zwingli,Waldshut,November 1524?
354,Blasius Forrer,Zwingli,Stein,9 XII 1524
355,Zwingli,"Franz Lambert an Strassburg, Brüder",Zürich,16 XII 1524
356,Wolfg,g Capito an Zwingli,Strassburg,31 XII 1524
357,Katharina von Wattenwyl und Margareta von Wattenwyl,Zwingli,Königsfelden,1524
358,Zwingli,Rhätien (Drei Bünde),Zürich,14 I 1525
359,Joh,nes Oecolampad an Zwingli,Basel,18 I 1525
360,Zwingli,Joachim Vadian,Zürich,19 I 1525
361,Zwingli,Mülhausen,Zürich,2 II 1525
362,Wolfg,g Capito an Zwingli,Strassburg,6 II 1525
363,Peter Finer,Zwingli,Basel,nach 6 III 1525
364,Zwingli,Jodocus Hesch,Zürich,8 III 1525
365,Christoph Heyl,Zwingli,Basel,14 III 1525?
366,Zwingli,Joachim Vadian,Zürich,31 III 1525
367a,Zwingli,(Franz Kolb),Zürich,17 IV 1525?
367,Zwingli,"Johannes Oecolampad an Basel, Prediger",Zürich,5 IV 1525
368,Christoph Schappeler,Zwingli,Memmingen,2 V 1525
369,Berchtold Haller,Zwingli,Bern,6 V 1525
370,Jakob Salzm,n (Salandronius) an Zwingli,Chur,15 V 1525
371,Zwingli,Joachim Vadian,Zürich,28 V 1525
372,Ulrich Bolt,Zwingli,Fläsch,6 VI 1525
373,Markus Murer,Zwingli,Wil,8 VI 1525
374,Joh,nes Comander an Zwingli,Chur,8 VIII 1525
375,Zwingli,Benedikt Burgauer,Zürich,17 VIII 1525
376,Joh,nes Oecolampad an Zwingli,Basel,18 VIII 1525
377,Ludwig Siguinius,Zwingli,Ravensburg,23 VIII 1525
378,Konrad Müdbein,Zwingli,Wädenswil,23 VIII 1525?
379,Fr,z Kolb an Zwingli,Wertheim,7 IX 1525
380,Wilhelm Farel,Zwingli,Strassburg,12 IX 1525
381,Zwingli,(Johannes) (Oecolampad),Zürich,13 IX 1525
382,Huldreich Kramer,Zwingli,Rüti,13 IX 1525
383,Ludwig Hätzer,Zwingli,Augsburg,14 IX 1525
384,Joh,nes Oecolampad an Zwingli,Basel,16 IX 1525
385,Georgius Pont,us an Zwingli,Basel,im IX 1525
386,Zwingli,Joachim Vadian,Zürich,22 IX 1525
387,Joh,nes Oecolampad an Zwingli,Basel,2 X 1525
388,Theobald von Geroldseck,Zwingli,Sulz am Neckar,2 X 1525
389,Ulrich von Württemberg,Zwingli,Hohentwiel,3 X 1525
390,Zwingli,Joachim Vadian,Zürich,11 X 1525
391,Joh,nes Oecolampad an Zwingli,Basel,12 X 1525
392,Joh,nes Rhellikan an Zwingli,Zürich,13 X 1525
393,Ludwig Hätzer,Zwingli,Basel,17 X 1525
394,Joh,nes Oecolampad an Zwingli,Basel,18 X 1525
395,Konrad Luchsinger,Zwingli,Stein am Rhein,21 X 1525
396,Joh,nes Oecolampad an Zwingli,Basel,22 X 1525
397,Blasius Forrer,Zwingli,Stein,23 X 1525
398,Joh,nes Brennwald an Zwingli,Hinwil,Herbst 1525?
399,Jörg Berger,Zwingli,Zürich?,1525?
400,Wolfg,g Capito an Zwingli,Strassburg,28 X 1525
401,(Zwingli),(Johannes) (Oecolampad),Zürich,28 X 1525
402,Ambrosius Blarer,Zwingli,Konstanz,4 XI 1525
403,Joh,nes Wanner an Zwingli,Konstanz,4 XI 1525
404,Joh,nes Oecolampad an Zwingli,Basel,4 XI 1525
405,Joh,nes Oecolampad an Zwingli,Basel,11 XI 1525
406,Joh,nes Oecolampad an Zwingli,Basel,18 XI 1525
407,Alex,der Sytz an Zwingli,Strassburg,14 XI 1525
408,Wolfg,g Capito an Zwingli,Strassburg,14 XI 1525
409,Wolfg,g Capito an Zwingli,Strassburg,20 XI 1525
410,Theobald von Geroldseck,Zwingli,Sulz am Neckar,22 XI 1525
411,Joh,nes Oecolampad an Zwingli,Basel,24 XI 1525
412,Joh,nes Oecolampad an Zwingli,Basel,26 XI 1525
413,Wolfg,g Capito an Zwingli,Strassburg,26 XI 1525
414,Berchtold Haller,Zwingli,Bern,29 XI 1525
415,Joh,nes Gebentinger an Zwingli,St. Gallen,um 30 XI 1525
416,Zwingli,Oecolampad,Zürich,1 XII 1525
417,Joh,nes Rhellikan an Zwingli,Stein am Rhein,4 XII 1525
418,Joh,nes Oecolampad an Zwingli,Basel,6 XII 1525
419a,Zwingli,Jakob Edlibach,Zürich,9 XII 1525
419,Joh,nes Oecolampad an Zwingli,Basel,7 XII 1525
420,Zwingli,Ambrosius Blarer,Zürich,10 XII 1525
421,Aegidius a Porta,Zwingli,Como,11 XII 1525
422,Joh,nes Oecolampad an Zwingli,Basel,19 XII 1525
423,Zwingli,Wolfgang Capito,Zürich,20 XII 1525
424,Claudius Mai,Zwingli,Bern,21 XII 1525
425,Joh,nes Rhellikan an Zwingli,Stein am Rhein,22 XII 1525
426,Zwingli,Joachim Vadian,Zürich,23 XII 1525
427,Zwingli,Konrad Pellikan,Zürich,vom 26 XII 1525
428,Wolfg,g Capito an Zwingli,Strassburg,27 XII 1525
429,Konrad Pellik,an Zwingli,Basel,28 XII 1525
430,Joh,nes Oecolampad an Zwingli,Basel,29 XII 1525
431,Ludwig Hätzer,Zwingli,Basel,30 XII 1525
432,N.N.,Zwingli,s. l.,1526
434,Zwingli,Wolfgang Capito,Zürich,1 I 1526
435,Joh,nes Oecolampad an Zwingli,Basel,1 I 1526
436,Ambrosius Blarer,Zürcher,Konstanz,5 I 1526
437,Konrad Pellik,an Zwingli,Basel,anfangs 1526
438,Joh,nes Oecolampad an Zwingli,Basel,12 I 1526
439,Zwingli,Konrad Pellikan,Zürich,12 I 1526
440,Konrad Pellik,an Zwingli,Basel,Mitte I 1526
441,Wolfg,g Capito an Zwingli,Strassburg,15 I 1526
442,Zwingli,Joachim Vadian,Zürich,17 I 1526
443,Joh,nes Oecolampad an Zwingli,Basel,25 I 1526
444,Wolfg,g Capito an Zwingli,Strassburg,28 I 1526
445,Wolfg,g Capito an Zwingli,Strassburg,29 I 1526
446,Martin Bucer,Zwingli,Strassburg,29 I 1526
447,Wolfg,g Capito an Zwingli,Strassburg,3 II 1526
448,Joh,nes Oecolampad an Zwingli,Basel,7 II 1526
449,Joh,nes Oecolampad an Zwingli,Basel,9 II 1526
450,Zwingli,Appenzell,Zürich,12 II 1526
451,Joh,nes Comander an Zwingli,Chur,Mitte II 1526
452,Nikolaus Prugner,Zwingli,Mülhausen,16 II 1526
453,Joh,nes Lüthart an Zwingli,Basel,zirka 22 II 1526
454,Joh,nes Oecolampad an Zwingli,Basel,25 ? II 1526
455,Heinrich Werdmüller,Zwingli,Zürich,3 III 1526
456,Joh,nes Oecolampad an Zwingli,Basel,7 III 1526
457,Wolfg,g Capito an Zwingli,Strassburg,7 III 1526
458,Martin Bucer,Zwingli,Strassburg,zirka 7 III 1526
459,Zwingli,Joachim Vadian,Zürich,nach 7 III 1526
460,Joh,nes Oecolampad an Zwingli,Basel,14 III 1526
461,Leonhard Tremp,Zwingli,Bern,Ende III 1526
462,Lucius Tscharner,Zwingli,Chur,31 III 1526
463,Jakob Salzm,n (Salandronius) an Zwingli,Chur,zirka 1 IV 1526
464,Zwingli,Joachim Vadian,Zürich,3 IV 1526
465,Wolfg,g Capito an Zwingli,Strassburg,4 IV 1526
466,Joh,nes Oecolampad an Zwingli,Basel,9 IV 1526
467,Zwingli,Michael Wüst,Zürich,10 IV 1526
468,Michael Wüst,Zwingli,Oberglatt,zirka 10 IV 1526
469,Wolfg,g Capito an Zwingli,Strassburg,16 IV 1526
470,Zwingli,"Valentin Krautwald, Kaspar von Schwenckfeld und an die Brüder in Schlesien",Zürich,17 IV 1526
471,Joh,nes Oecolampad an Zwingli,Basel,19 IV 1526
472,Zwingli,Joachim Vadian,Zürich,22 IV 1526
473,Joh,nes Oecolampad an Zwingli,Zürich,24 IV 1526
474,Zwingli,Joachim Vadian,Zürich,29 IV ? 1526
475,Gregor M,golt an Zwingli,Konstanz,5 V 1526
476,Zwingli,Joachim Vadian,Zürich,11 V 1526
477,Gregor M,golt an Zwingli,Konstanz,11 V 1526
478,Jakob Salzm,n (Salandronius) an Zwingli,Chur,15 V 1526
479,N. N.,Zwingli,s. l.,1526?
480,Kaspar Kurrer,Zwingli,Baden,zirka V 1526
481,Wolfg,g Capito an Zwingli,Strassburg,16 V 1526
482,Martin Bucer,Zwingli,Strassburg,17 V 1526
483,(Joh,nes) Oecolampad an Zwingli,Baden,18 V 1526
484,(Ludwig) Oechsli,Zwingli,Baden,21 V 1526
485,Jörg Ottli,Zwingli,Baden,21 V 1526
486,(Joh,nes) Oecolampad an Zwingli,Baden,22 V 1526
487,Jakob Salzm,n (Salandronius) an Zwingli,Chur,22 V 1526
488,(Joh,nes) Oecolampad an Zwingli,Baden,23 V 1526
489,Konrad Luchsinger,Zwingli,Stein am Rhein,23 ff. V 1526
490,Joh,nes Döring an Zwingli,St. Gallen,24 V 1526?
491,Joachim Vadi,an Zwingli,St. Gallen,25 V 1526
492,Gregor M,golt an Zwingli,Konstanz,1 VI 1526
493,Joh,nes Comander an Zwingli,Chur,5 VI 1526
494,Wolfg,g Capito an Zwingli,Strassburg,11 VI 1526
495,(Joh,nes) Oecolampad an Zwingli,Basel,12 VI 1526
496,(Joh,nes) Oecolampad an Zwingli,Basel,13 ff. VI 1526
497,(Joh,nes) Oecolampad an Zwingli,Basel,20 VI 1526
498,(Joh,nes) Oecolampad an Zwingli,Basel,23 VI 1526
499,Zwingli,Konrad Sam,Zürich,2 VII 1526
500,Zwingli,"Nürnberg, Rat",Zürich,2 VII 1526
501,Zwingli,Joachim Vadian,Zürich,3 VII 1526
502,Martin Bucer,Johannes Oecolampad und an Zwingli,Strassburg,8 VII 1526
503,Martin Bucer,Zwingli,Strassburg,9 VII 1526
504,Thomas von Hofen,Leonhard Tremp und an (Zwingli),Strassburg,9 VII 1526
505,(Joh,nes) Oecolampad an Zwingli,Basel,12 VII 1526
506,H,s Gebentinger an Zwingli,St. Gallen,16 VII 1526
507,Lucius Tscharner,Zwingli,Chur,17 VII 1526
508,Fr,z Kolb an Zwingli,Nürnberg,17 VII 1526
509,(Joh,nes) Oecolampad an Zwingli,Basel,18 VII 1526
510,Zwingli,Joachim Vadian,Zürich,18 VII 1526
511,Wolfg,g Capito an Zwingli,Strassburg,24 VII 1526
512,(Joh,nes) (Comander) an (Zwingli),Chur,zirka 25 VII 1526
513,Zwingli,"Glarus, Schaffhausen und Appenzell",Zürich,Ende VII 1526
514,Zwingli,N.N.,Zürich,30 VII 1526?
515,Leonhard Tremp,Zwingli,Bern,Anfang VIII 1526
516,Zwingli,Joachim Vadian,Zürich,5 VIII 1526
518,(Joh,nes) Oecolampad an Zwingli,Basel,12 VIII 1526
519,Wolfg,g Capito an Zwingli,Strassburg,18 VIII 1526
520,Petrus Gynoraeus,Zwingli,Augsburg,22 VIII 1526
521,Petrus Kunz,Zwingli,Erlenbach Bern,24 VIII 1526
522,Joh,nes Comander an Zwingli,Chur,27 VIII 1526
523,Joh,nes Wannenmacher an Zwingli,Freiburg im Uechtland,29 VIII 1526
524,Zwingli,Petrus Gynoraeus,Zürich,31 VIII 1526
524a,Zwingli,"Botschaften, eidgenössische","s. l., 1526",August?
525,(Joh,nes) Oecolampad an Zwingli,Basel,3 IX 1526
526,Barbara Nithart,Zwingli,Ulm? Konstanz?,13 IX 1526
527,Zwingli,Michael Cellarius,Zürich,17 IX 1526
528,Christoph Froschauer,Zwingli,Frankfurt,18 IX 1526
529,Joh,nes Haner an Zwingli,Frankfurt,18 IX 1526
530,(Joh,nes) Oecolampad an Zwingli,Basel,24 IX 1526
531,Wolfg,g Capito an Zwingli,Strassburg,26 IX 1526
532,Urb,us Rhegius an Zwingli,Augsburg,28 IX 1526
533,Joh,nes Comander an Zwingli,Chur,2 X 1526
534,(Joh,nes) Oecolampad an Zwingli,Basel,6 X 1526
535,Zwingli,N.N.,s. l.,11 X 1526
536,(Joh,nes) Oecolampad an Zwingli,Basel,13 X 1526
537,Zwingli,Urbanus Rhegius,Zürich,16 X 1526
538,Kaspar Mosager,Zwingli,Paris?,16 X 1526
539,Zwingli,Berchtold Haller,Zürich,X
540,(Joh,nes) Oecolampad an Zwingli,Basel,17 X 1526
541,Wolfg,g Capito an Zwingli,Strassburg,17 X 1526
542,Joh,nes Oecolampad an Zwingli,Basel,19 X 1526
543,(Joh,nes) Oecolampad an Zwingli,Basel,20 X 1526
544,(Joh,nes) Oecolampad an Zwingli,Basel,30 X 1526
545,Ambrosius Blarer,Zwingli,Konstanz,4 XI 1526
546,Zwingli,Berchtold Haller,Zürich,6 XI 1526
547,(Joh,nes) Oecolampad an Zwingli,Basel,9 XI 1526
548,Joh,nes Haner an Zwingli,Nürnberg,11 XI 1526
549,Zwingli,Johannes Wanner,Zürich,12 XI 1526
550,Wolfg,g Capito an Zwingli,Strassburg,12 XI 1526
551,Wolfg,g Capito an Zwingli,Strassburg,14 XI 1526
551a,(Joh,nes) Comander an Zwingli,Chur,20 XI 1526
552,(Zwingli),"Johannes Oecolampad, die Strassburger und an Wolfgang Capito",Zürich,29 XI 1526
553,Gregor Bünzli,Zwingli,Basel,1 XII 1526
554,(Joh,nes) Oecolampad an Zwingli,Basel,1 XII 1526
555,Zwingli,Johannes Haner,Zürich,3 XII 1526
556,Zwingli,Johannes Zwick an Ambrosius Blarer,Zürich,5 XII 1526
557,Wolfg,g Capito an Zwingli,Strassburg,10 XII 1526
558,Aegidius a Porta,Zwingli,Como,15 XII 1526
559,Berchtold Haller,Zwingli,Bern,17 XII 1526
560,Zwingli,Wolfgang Capito und die Brüder in Strassburg,Zürich,18 XII 1526
561,Joh,nes Haner an Zwingli,Nürnberg,18 XII 1526
562,(Joh,nes) Oecolampad an Zwingli,Basel,23 XII 1526
563,Zwingli,Erasmus Ritter,Zürich,25 XII 1526
564,Wolfg,g Capito und Johannes Oecolampad an Zwingli,Strassburg und Basel,26 XII 1526
565,Joh,nes Comander an Zwingli,Chur,nach Weihnacht 1526
566,Nikolaus Baling,Zwingli,Zürich,Anfang 1527?
567,Erasmus Ritter,Zwingli,Schaffhausen,1 I 1527
568,Wolfg,g Capito an Zwingli,Strassburg,1 I 1527
569,Zwingli,Johannes Oecolampad,Zürich,3 I 1527
570,Zwingli,Berchthold Haller,Zürich,4 I 1527
571,Zwingli,Thomas von Hofen,Zürich,4 I 1527
572,Joh,nes Oecolampad an Zwingli,Basel,6 I 1527
573,Zwingli,"Philipp, Markgraf von Baden",Zürich,11 I 1527
574,Petrus Gynoraeus,Zwingli,Augsburg,14 I 1527
575,Fridolin Brunner,Zwingli,Glarus,15 I 1527
576,Joh,nes Oecolampad an Zwingli,Basel,15 I 1527
577,Thomas von Hofen,Zwingli,Genf,15 I 1527
578,Wolfg,g Capito an Zwingli,Strassburg,22 I 1527
579,Christoph L,denberger an Zwingli,Oberbüren,22 I 1527
580,Zwingli,Fridolin Brunner,Zürich,25 I 1527
581,Marcus Peregrinus,Zwingli,Steig,25 I 1527
582,Benedikt Dischmacher,Zwingli,Otelfingen,27 I 1527
583,Leonhard Tremp,Zwingli,Bern,27 I 1527
584,Heinrich Lüti,Zwingli,Winterthur,31 I 1527
585,Eberhart von Rischach d.Ä.,Zwingli,s. l.,Ende I 1527
586,Joh,nes Oecolampad an Zwingli,Basel,2 II 1527
587,Zwingli,N. N.,Zürich,4 II 1527
588,Joh,nes Oecolampad an Zwingli,Basel,4 II 1527
589,Zwingli,Konrad Sam,Zürich,12 II 1527
590,Zwingli,Konrad Sam,Zürich,15 II 1527
591,Heinrich Hässi,Zwingli,Glarus,19 II 1527
592,Heinrich Hässi,Zwingli,Glarus,II
593,Alexius Berschi,Zwingli,Konstanz,27 II 1527
594,Joh,nes Oecolampad an Zwingli,Basel,28 II 1527
595,Wolfg,g Capito an Zwingli,Strassburg,28 II 1527
596,Zwingli,Johannes Comander an Nikolaus Baling,Zürich,1 III 1527
597,Joh,nes Haner an Zwingli,Nürnberg,1 III 1527
598,Adri,"Wirt an Zürich, Bürgermeister und Rat",Stein,13 III 1527
599,Martin Bucer,Zwingli,Strassburg,25 ff. III 1527
600,Joh,nes Oecolampad an Zwingli,Basel,26 III 1527
601,Zwingli,Dionysius Melander,Zürich,31 III 1527
602,Zwingli,Martin Luther,Zürich,1 IV 1527
603,Urb,us Rhegius an Zwingli,Augsburg,1 IV 1527
603a,Ulrich Herzog von Württemberg,Zwingli,Marburg,3 IV 1527
604,Joh,nes Frumentarius an Zwingli,Marburg,4 IV 1527
605,Wolfg,g Capito an Zwingli,Strassburg,8 IV 1527
606,Zwingli,"Ulm, Bürgermeister und Rat",Zürich,23 IV 1527
607,Joh,nes Oecolampad an Zwingli,Basel,24 IV 1527
608,Berchtold Haller,Zwingli,Bern,25 IV 1527
609,Joh,nes Oechsli an Zwingli,Elgg,27 IV 1527
610,Zwingli,Berchtold Haller an Franz Kolb,Zürich,28 IV 1527
611,Joh,nes Oecolampad an Zwingli,Basel,28 IV 1527
612,Zwingli,Nicolaus Prugner,Zürich,30 IV 1527
613,Martin Bucer,Zwingli,Strassburg,30 IV 1527
614,Joh,nes Oecolampad an Zwingli,Basel,1 V 1527
615,Zwingli,Joachim Vadian,Zürich,4 V 1527
616,Fr,z Kolb an Zwingli,Bern,5 V 1527
617,Zwingli,Andreas Osiander,Zürich,6 V 1527
618,Zwingli,Joachim Joachim Vadian,Zürich,11 V 1527
619,Georg Regel,Zwingli,Augsburg,15 V 1527
620,Berchtold Haller,Zwingli,Bern,16 V 1527
621,Joh,nes Haner an Zwingli,Nürnberg,17 V 1527
623,Zwingli,"Bern, Brüder",Zürich,22 V 1527
624,Joh,nes Oecolampad an Zwingli,Basel,22 V 1527
625,Joh,nes Oecolampad an Zwingli,Basel,31 V 1527
626,Ludwig Oechsli,Zwingli,Schaffhausen,3 VI 1527
627,Joh,nes Oecolampad an Zwingli,Basel,15 VI 1527
628,Zwingli,Johann Herzog von Sachsen,Zürich,18 VI 1527
629,Zwingli,"Philipp, Landgraf von Hessen",Zürich,18 VI 1527
630,Wilhelm Farel,Zwingli,Aigle,20 VI 1527
632,Wolfg,g Capito an Zwingli,Strassburg,7 VII 1527
633,Martin Bucer,Zwingli,Strassburg,8 VII 1527
634,Wolfg,g Capito an Zwingli,Strassburg,9 VII 1527
635,Joh,nes Oecolampad an Zwingli,Basel,14 VII 1527
636,Joh,nes Oecolampad an Zwingli,Basel,19 VII 1527
637,Joh,nes Oecolampad an Zwingli,Basel,19 VII 1527
638,Zwingli,Joachim Vadian,Zürich,26 VII 1527
639,Zwingli,Wolfgang Capito,Zürich,8 VIII 1527
640,Martin Bucer,Zwingli,Strassburg,13 VIII 1527
641,Zwingli,Ambrosius Blarer,Zürich,14 VIII 1527
642,Joh,nes Oecolampad an Zwingli,Basel,18 VIII 1527
643,(Wolfg,g) Capito an Zwingli,Strassburg,18 VIII 1527
644,(Joh,nes) Oecolampad an Zwingli,Basel,20 VIII 1527
645,Kaspar Schaller,Zwingli,Basel,21 VIII 1527
646,Zwingli,Johannes Hess,Zürich,30 VIII 1527
647,Zwingli,N.N.,Zürich,31 VIII 1527
648,Joh,nes Oecolampad an Zwingli,Basel,31 VIII 1527
649,Martin Cellarius,Zwingli,Strassburg?,31 VIII 1527
650,Zwingli,Konrad Sam,Zürich,1 IX 1527
651,Berchtold Haller,Zwingli,Bern,4 IX 1527
652,Joh,nes Oecolampad an Zwingli,Basel,4 IX 1527
654,Leonhard Castor,Zwingli,Winterthur,10 IX 1527
655,Wolfg,g Capito an Zwingli,Strassburg,24 IX 1527
656,Martin Bucer,Zwingli,Strassburg,26 IX 1527
657,Martin Bucer,Zwingli,Strassburg,26 IX 1527
658,Joh,nes Oecolampad an Zwingli,Basel,30 IX 1527
659a,Nikolaus Baling,Zwingli,Wesen,5 X 1527
659,Andreas Osi,der an Zwingli,Nürnberg,IX 1527
660,Zwingli,Berchtold Haller,Zürich,11 X 1527
661,Joh,nes Oecolampad an Zwingli,Basel,15 X 1527
662,Berchtold Haller,Zwingli,Bern,16 X 1527
663,Martin Seger,Zwingli,Maienfeld,22 X 1527
664,Berchtold Haller,Zwingli,Bern,4 XI 1527
665,Joh,nes Oecolampad an Zwingli,Basel,6 XI 1527
666,Wolfg,g Capito an Zwingli,Strassburg,7 XI 1527
667,Joh,nes Oecolampad an Zwingli,Basel,10 XI 1527
667a,Berchtold Haller,Zwingli,Bern,19 XI 1527
668,Joh,nes Oecolampad an Zwingli,Basel,24 XI 1527
669,Berchtold Haller,Zwingli,Bern,26 XI 1527
670,Joh,nes Oecolampad an Zwingli,Basel,30 XI 1527
671,Fridolin Brunner,Zwingli,Glarus,XII 1527
672,Berchtold Haller,Zwingli,Bern,2 XII 1527
673,Joh,nes Oecolampad an Zwingli,Basel,13 XII 1527
674a,Joh,n Eck an Zwingli,Ingolstadt,15 XII 1527
674,Zwingli,Johannes Oecolampad,Zürich,15 XII 1527
675,Wilhelm von Zell,Zwingli,Mindelheim,16 XII 1527
676,Joh,nes Oecolampad an Zwingli,Basel,18 XII 1527
677,Berchtold Haller,Zwingli,Bern,20 XII 1527
678,Zwingli,"Ulm, Bürgermeister und Rat",Zürich,27 XII 1527
679,Heinrich Steiger,Zwingli,Lichtensteig,Ende 1527
680,Simon Stumpf,Zwingli,s. l.,Anfang 1528?
681,Sigismund Grimm,Zwingli,Augsburg,1 I 1528
682,Zwingli,Anna Reinhart,Bern,11 I 1528
683,Heinrich Utinger,Zwingli,Zürich,15 I 1528
684,Erasmus Ritter,Zwingli,Schaffhausen,15 I 1528
685,Zwingli,Rudolf Thumysen,Bern,28 I 1528
686,Heinrich von Eppendorf,Zwingli,Basel,3 II 1528
687,Joh,nes Oecolampad an Zwingli,Basel,11 II 1528
688,Berchtold Haller,Zwingli,Bern,12 II 1528
689,Nikolaus Baling,Zwingli,Chur?,12 II 1528
690,Paulus Fagius,Zwingli,Isny,13 II 1528
691,N.N.,Zwingli,Zürich,Mitte II 1528?
692,Joh,nes Oecolampad an Zwingli,Basel,2 III 1528
693,Zwingli,Konrad Sam,Zürich,7 III 1528
694,Berchtold Haller,Zwingli,Bern,8 III 1528
695,Berchtold Haller,Zwingli,Bern,10 III 1528
696,Martin Bucer,Zwingli,Strassburg,Mitte III 1528
697,Wolfg,g Capito an Zwingli,Strassburg,13 III 1528
698,Joh,nes Chuffer an Zwingli,s. l.,15 III 1528
699,Joh,nes Oecolampad an Zwingli,Basel,15 III 1528
700,Martin Seger,Zwingli,Maienfeld,17 III 1528
701,(Joh,nes) Comander an Zwingli,Chur,17 III 1528
702,Zwingli,Nicolaus von Wattenwil,Zürich,19 III 1528
703,Zwingli,Nikolaus von Wattenwil,Zürich,24 III 1528
704,(Joh,nes) Oecolampad an Zwingli,Basel,25 III 1528
705,(Wolfg,g) Capito an Zwingli,Strassburg,29 III 1528
706,Berchtold Haller,Zwingli,Bern,31 III 1528
707,Joh,nes Oecolampad an Zwingli,Basel,1 IV 1528
708,Zwingli,Konrad Sam,Zürich,3 IV 1528
709,Hartm,n Schnider an Zwingli,Ruod,3 IV 1528
710,(Joh,nes) Oecolampad an Zwingli,Basel,5 IV 1528
711,Zwingli,Rat von Biel,Zürich,11 IV 1528
712,Wolfg,g Capito an Zwingli,Strassburg,15 IV 1528
713,(Martin) Bucer,Zwingli,Strassburg,15 IV 1528
714,(Joh,nes) Oecolampad an Zwingli,Basel,16.
715,(Joh,nes) Oecolampad an Zwingli,Basel,20 IV 1528
716,Sebasti,Hofmeister an Zwingli,Bern,22 IV 1528
717,Wolfg,g Capito an Zwingli,Strassburg,22 IV 1528
718,Christoph L,denberger an Zwingli,Oberbüren,1 V 1528
719,Fr,z Kolb an Zwingli,Bern,1 V 1528
720,Zwingli,Ambrosius Blarer,Zürich,4 V 1528
721,Martin Bucer,Johannes Oecolampad und an Zwingli,Basel,nach 6 V 1528
722,Paulus Fagius,Zwingli,Isny,7 V 1528
723,Marcus Peregrinus,Zwingli,Gsteig,13 V 1528
724,Rudolf Amm,n an Zwingli,Knonau,14 V 1528
725,Berchtold Haller,Zwingli,Bern,17 V 1528
726,(Joh,nes) Oecolampad an Zwingli,Basel,20 V 1528
727,(Berchtold) Haller,Zwingli,Bern,31 V 1528
728,(Joh,nes) Oecolampad an Zwingli,Basel,Anfang VI 1528
729,Zwingli,Wolfgang Capito und an Martin Bucer,Zürich,17 VI 1528
730,(Joh,nes) Oecolampad an Zwingli,Basel,21 VI 1528
731,Caspar Hedio,Zwingli,Strassburg,23 VI 1528
732,(Martin) Bucer,Zwingli,Strassburg,24 VI 1528
733,(Joh,nes) Oecolampad an Zwingli,Basel,3 ? VII 1528
734,(Joh,nes) Oecolampad an Zwingli,Basel,9 VII 1528
734a,Joh,nes Oecolampad an Zwingli,Basel,10 VII 1528
735,Martin Bucer,Zwingli,Strassburg,19 VII 1528
736,Zwingli,Ambrosius Blarer,Zürich,21 VII 1528
737,(Joh,nes) Oecolampad an Zwingli,Basel,22 VII 1528
738,Georg Stähelin,Zwingli,Biel,22 VII 1528
739,Christophorus Ballista,Zwingli,Zürich,VII? 1528
740,Wilhelm Farel,Zwingli,Aigle,23 VII 1528
741,Christophorus Ballista,Zwingli,Zürich,nach 23 VII 1528
742,Wolfg,g Capito an Zwingli,Strassburg,31 VII 1528
743,Wolfg,g Capito an Zwingli,Strassburg,31 VII 1528
744,Ulrich Kölbiner,Zwingli,Appenzell,Ende VII
745,Joh,nes Sapidus an Zwingli,Strassburg?,Anfang VIII 1528
746,Kaspar Hedio,Zwingli,Strassburg,2 VIII 1528
747,Joh,nes Oecolampad an Zwingli,Basel,6 VIII 1528
748,Georg Regel,Zwingli,Konstanz,7 VIII 1528
749,Ambrosius Blarer,Zwingli,Konstanz,7 VIII 1528
750,(Joh,nes) Oecolampad an Zwingli,Basel,16 VIII 1528
751,(Joh,nes) Oecolampad an Zwingli,Basel,18 VIII 1528
752,H,s Meyer an Zwingli,Winterthur,19 VIII 1528
753,(Heinrich) (Steiger),Zwingli,Lichtensteig,27 VIII 1528
754,Zwingli,Konrad Sam,Zürich,30 VIII 1528
755,Martin Seger,Zwingli,Maienfeld,1 IX 1528
756,Zwingli,Joachim Vadian,Zürich,3 IX 1528
757,(Joh,nes) Oecolampad an Zwingli,Basel,5 IX 1528
758,Zwingli,Joachim Vadian,Zürich,11 IX 1528
759a,Zwingli,Glarus,Zürich,16 IX 1528
759,Heinrich Steiger,Zwingli,Lichtensteig,14 IX 1528
760,Simprecht Sorg,Zwingli,Frankfurt,17 IX 1528
761,Jakob Grotsch,Zwingli,Konstanz,17 IX 1528
762,Martin Bucer,Zwingli,Strassburg,26 IX 1528
763b,Sebasti,Hofmeister an Zwingli,Zofingen,IX 1528?
763a,Zwingli,Diethelm Röist und an Rudolf Thumysen,Zürich,28 IX 1528
763,(Joh,nes) Oecolampad an Zwingli,Basel,28 IX 1528
764,Berchtold Haller,Zwingli,Bern,7 X 1528
765,H,s Ludwig Ammann an Zwingli,Bern,7 X 1528
766,J,us Cornarius an Zwingli,Basel,15 X 1528
767,(Joh,nes) Oecolampad an Zwingli,Basel,17 X 1528
768,(Joh,nes) Oecolampad an Zwingli,Basel,21 X 1528
769,Konrad Luchsinger,Zwingli,Stein am Rhein,22 X 1528
770,Berchtold Haller,Zwingli,Bern,26 X 1528
771a,Ulrich Funk,Zwingli,Zürich,Ende X 1528?
771,Valerius Anshelm,Zwingli,Rottweil,28 X 1528
772,Zwingli,Glarus,Zürich,XI 1528?
773,Wolfg,g Capito an Zwingli,Strassburg,1 XI 1528
774,(Joh,nes) Oecolampad an Zwingli,Basel,8 XI 1528
775,Heinrich Bullinger,Zwingli,Kappel am Albis,etwa 8 XI 1528
776,J,us Cornarius an Zwingli,Basel,10 XI 1528
777,Petrus Rümelin,Zwingli,Schwanden,11 XI 1528
778,Paulus Rasdorfer,Zwingli,Rüti,14 XI 1528
779,Alex,der Grat an Zwingli,Engen,15 XI 1528
780,Christoph Klauser,Zwingli,Zürich,Anfang XII 1528
781,Ulrich Rechlinger,Zwingli,Augsburg,2 XII 1528
782,Benedikt Schütz,Zwingli,Lenzburg,5 XII 1528
783,Zwingli,Joachim Vadian,Zürich,9 XII 1528
784,Ulrich Werdmüller,Zwingli,Rickenbach,10 XII 1528
785,(Wolfg,g) Capito an Zwingli,Strassburg,12 XII 1528
786,(Joh,nes) Oecolampad an Zwingli,Basel,15 XII 1528
787,H,s Albrecht von Mülinen an Zwingli,Hitzkirch,21 XII 1528
788,(Joh,nes) Oecolampad an Zwingli,Basel,23 XII 1528
789,Ulrich Werdmüller,Zwingli,Rickenbach,26 XII 1528
790,J,us Cornarius an Zwingli,Basel,28 XII 1528
